run,iteration,timestamp,archive_len,sparseness,total_seeds,covered_seeds,final seeds,members_dist_min,members_dist_max,members_dist_avg,members_dist_std,radius_ref_out,radius_ref_in,diameter_out,diameter_in,iteration
1646654998,10,0:00:02.057623,0,0,100,0,0,None,None,None,None,None,None,None,None,None,None,10
1646654998,20,0:00:03.124074,0,0,100,0,0,None,None,None,None,None,None,None,None,None,None,20
1646654998,30,0:00:04.186619,0,0,100,0,0,None,None,None,None,None,None,None,None,None,None,30
1646654998,40,0:00:05.239895,0,0,100,0,0,None,None,None,None,None,None,None,None,None,None,40
1646654998,50,0:00:06.324435,0,0,100,0,0,None,None,None,None,None,None,None,None,None,None,50
1646654998,60,0:00:07.437700,0,0,100,0,0,None,None,None,None,None,None,None,None,None,None,60
1646654998,70,0:00:08.898666,1,0,100,1,1,0.42421877,0.42421877,0.42421877,0.0,9.127619,9.067044,None,None,0.0,0.0,70
1646654998,80,0:00:10.486154,1,0,100,1,1,0.3876605,0.3876605,0.3876605,0.0,9.115102,9.045728,None,None,0.0,0.0,80
1646654998,90,0:00:12.100223,1,0,100,1,1,0.3876605,0.3876605,0.3876605,0.0,9.115102,9.045728,None,None,0.0,0.0,90
1646654998,100,0:00:13.642607,1,0,100,1,1,0.3876605,0.3876605,0.3876605,0.0,9.115102,9.045728,None,None,0.0,0.0,100
1646654998,110,0:00:15.122168,2,11.18453311920166,100,2,2,0.29679826,1.9773924,1.1370953,0.8402971,10.2235775,10.074352,None,None,11.184533,11.068285,110
1646654998,120,0:00:16.764486,2,11.18453311920166,100,2,2,0.29679826,1.9773924,1.1370953,0.8402971,10.2235775,10.074352,None,None,11.184533,11.068285,120
1646654998,130,0:00:18.359286,2,11.178604125976562,100,2,2,0.29679826,1.9707355,1.1337669,0.83696866,10.220322,10.076878,None,None,11.178604,11.072284,130
1646654998,140,0:00:19.927937,2,11.178604125976562,100,2,2,0.29679826,1.9707355,1.1337669,0.83696866,10.220322,10.076878,None,None,11.178604,11.072284,140
1646654998,150,0:00:21.457852,2,11.124151229858398,100,2,2,0.27019012,0.29679826,0.28349417,0.01330407,10.172102,10.141947,None,None,11.124151,11.115001,150
1646654998,160,0:00:23.220712,3,11.442859331766764,100,3,3,0.27019012,1.0769973,0.5479952,0.3742186,10.667012,10.69424,None,None,11.643574,11.705326,160
1646654998,170,0:00:24.813074,3,11.442859331766764,100,3,3,0.27019012,1.0769973,0.5479952,0.3742186,10.667012,10.69424,None,None,11.643574,11.705326,170
1646654998,180,0:00:26.418970,3,11.442859331766764,100,3,3,0.27019012,1.0769973,0.5479952,0.3742186,10.667012,10.69424,None,None,11.643574,11.705326,180
1646654998,190,0:00:28.131694,3,11.442859331766764,100,3,3,0.27019012,1.0769973,0.5479952,0.3742186,10.667012,10.69424,None,None,11.643574,11.705326,190
1646654998,200,0:00:29.771572,3,11.442859331766764,100,3,3,0.27019012,1.0769973,0.5479952,0.3742186,10.667012,10.69424,None,None,11.643574,11.705326,200
1646654998,210,0:00:31.349197,3,11.442859331766764,100,3,3,0.27019012,1.0769973,0.5479952,0.3742186,10.667012,10.69424,None,None,11.643574,11.705326,210
1646654998,220,0:00:33.027664,3,11.442859331766764,100,3,3,0.27019012,1.0769973,0.5479952,0.3742186,10.667012,10.69424,None,None,11.643574,11.705326,220
1646654998,230,0:00:34.950912,3,11.442859331766764,100,3,3,0.27019012,1.0769973,0.5479952,0.3742186,10.667012,10.69424,None,None,11.643574,11.705326,230
1646654998,240,0:00:36.713655,3,11.442859331766764,100,3,3,0.27019012,1.0769973,0.5479952,0.3742186,10.667012,10.69424,None,None,11.643574,11.705326,240
1646654998,250,0:00:38.280596,3,11.442859331766764,100,3,3,0.27019012,1.0769973,0.5479952,0.3742186,10.667012,10.69424,None,None,11.643574,11.705326,250
1646654998,260,0:00:39.896297,3,11.442859331766764,100,3,3,0.27019012,1.0769973,0.5479952,0.3742186,10.667012,10.69424,None,None,11.643574,11.705326,260
1646654998,270,0:00:41.599823,3,11.442859331766764,100,3,3,0.27019012,1.0769973,0.5479952,0.3742186,10.667012,10.69424,None,None,11.643574,11.705326,270
1646654998,280,0:00:43.268535,3,11.442859331766764,100,3,3,0.27019012,1.0769973,0.5479952,0.3742186,10.667012,10.69424,None,None,11.643574,11.705326,280
1646654998,290,0:00:44.863346,3,11.442859331766764,100,3,3,0.27019012,1.0769973,0.5479952,0.3742186,10.667012,10.69424,None,None,11.643574,11.705326,290
1646654998,300,0:00:46.496937,3,11.442859331766764,100,3,3,0.27019012,1.0769973,0.5479952,0.3742186,10.667012,10.69424,None,None,11.643574,11.705326,300
1646654998,310,0:00:48.132910,3,11.442859331766764,100,3,3,0.27019012,1.0769973,0.5479952,0.3742186,10.667012,10.69424,None,None,11.643574,11.705326,310
1646654998,320,0:00:49.726004,3,11.442859331766764,100,3,3,0.27019012,1.0769973,0.5479952,0.3742186,10.667012,10.69424,None,None,11.643574,11.705326,320
1646654998,330,0:00:51.346296,3,11.442859331766764,100,3,3,0.27019012,1.0769973,0.5479952,0.3742186,10.667012,10.69424,None,None,11.643574,11.705326,330
1646654998,340,0:00:52.995472,3,11.442859331766764,100,3,3,0.27019012,1.0769973,0.5479952,0.3742186,10.667012,10.69424,None,None,11.643574,11.705326,340
1646654998,350,0:00:54.598327,3,11.442859331766764,100,3,3,0.27019012,1.0769973,0.5479952,0.3742186,10.667012,10.69424,None,None,11.643574,11.705326,350
1646654998,360,0:00:56.191304,3,11.442859331766764,100,3,3,0.27019012,1.0769973,0.5479952,0.3742186,10.667012,10.69424,None,None,11.643574,11.705326,360
1646654998,370,0:00:57.694769,3,11.442859331766764,100,3,3,0.27019012,1.0769973,0.5479952,0.3742186,10.667012,10.69424,None,None,11.643574,11.705326,370
1646654998,380,0:00:59.167220,3,11.442859331766764,100,3,3,0.27019012,1.0769973,0.5479952,0.3742186,10.667012,10.69424,None,None,11.643574,11.705326,380
1646654998,390,0:01:00.670017,3,11.442859331766764,100,3,3,0.27019012,1.0769973,0.5479952,0.3742186,10.667012,10.69424,None,None,11.643574,11.705326,390
1646654998,400,0:01:02.152865,3,11.442859331766764,100,3,3,0.27019012,1.0769973,0.5479952,0.3742186,10.667012,10.69424,None,None,11.643574,11.705326,400
1646654998,410,0:01:03.673311,3,11.442859331766764,100,3,3,0.27019012,1.0769973,0.5479952,0.3742186,10.667012,10.69424,None,None,11.643574,11.705326,410
1646654998,420,0:01:05.191203,3,11.442859331766764,100,3,3,0.27019012,1.0769973,0.5479952,0.3742186,10.667012,10.69424,None,None,11.643574,11.705326,420
1646654998,430,0:01:06.719054,3,11.442859331766764,100,3,3,0.27019012,1.0769973,0.5479952,0.3742186,10.667012,10.69424,None,None,11.643574,11.705326,430
1646654998,440,0:01:08.188981,3,11.442859331766764,100,3,3,0.27019012,1.0769973,0.5479952,0.3742186,10.667012,10.69424,None,None,11.643574,11.705326,440
1646654998,450,0:01:09.700281,3,11.442859331766764,100,3,3,0.27019012,1.0769973,0.5479952,0.3742186,10.667012,10.69424,None,None,11.643574,11.705326,450
1646654998,460,0:01:11.186904,3,11.442859331766764,100,3,3,0.27019012,1.0769973,0.5479952,0.3742186,10.667012,10.69424,None,None,11.643574,11.705326,460
1646654998,470,0:01:12.663607,3,11.442859331766764,100,3,3,0.27019012,1.0769973,0.5479952,0.3742186,10.667012,10.69424,None,None,11.643574,11.705326,470
1646654998,480,0:01:14.158659,3,11.442859331766764,100,3,3,0.27019012,1.0769973,0.5479952,0.3742186,10.667012,10.69424,None,None,11.643574,11.705326,480
1646654998,490,0:01:15.653724,3,11.442859331766764,100,3,3,0.27019012,1.0769973,0.5479952,0.3742186,10.667012,10.69424,None,None,11.643574,11.705326,490
1646654998,500,0:01:17.135578,3,11.442859331766764,100,3,3,0.27019012,1.0769973,0.5479952,0.3742186,10.667012,10.69424,None,None,11.643574,11.705326,500
1646654998,510,0:01:18.597789,3,11.442859331766764,100,3,3,0.27019012,1.0769973,0.5479952,0.3742186,10.667012,10.69424,None,None,11.643574,11.705326,510
1646654998,520,0:01:20.173338,3,11.442859331766764,100,3,3,0.27019012,1.0769973,0.5479952,0.3742186,10.667012,10.69424,None,None,11.643574,11.705326,520
1646654998,530,0:01:21.756235,3,11.442859331766764,100,3,3,0.27019012,1.0769973,0.5479952,0.3742186,10.667012,10.69424,None,None,11.643574,11.705326,530
1646654998,540,0:01:23.275102,3,11.442859331766764,100,3,3,0.27019012,1.0769973,0.5479952,0.3742186,10.667012,10.69424,None,None,11.643574,11.705326,540
1646654998,550,0:01:24.823661,3,11.442859331766764,100,3,3,0.27019012,1.0769973,0.5479952,0.3742186,10.667012,10.69424,None,None,11.643574,11.705326,550
1646654998,560,0:01:26.344224,3,11.442859331766764,100,3,3,0.27019012,1.0769973,0.5479952,0.3742186,10.667012,10.69424,None,None,11.643574,11.705326,560
1646654998,570,0:01:27.835684,3,11.442859331766764,100,3,3,0.27019012,1.0769973,0.5479952,0.3742186,10.667012,10.69424,None,None,11.643574,11.705326,570
1646654998,580,0:01:29.304662,3,11.442859331766764,100,3,3,0.27019012,1.0769973,0.5479952,0.3742186,10.667012,10.69424,None,None,11.643574,11.705326,580
1646654998,590,0:01:30.759083,3,11.442859331766764,100,3,3,0.27019012,1.0769973,0.5479952,0.3742186,10.667012,10.69424,None,None,11.643574,11.705326,590
1646654998,600,0:01:32.226532,3,11.442859331766764,100,3,3,0.27019012,1.0769973,0.5479952,0.3742186,10.667012,10.69424,None,None,11.643574,11.705326,600
1646654998,610,0:01:33.743029,3,11.442859331766764,100,3,3,0.27019012,1.0769973,0.5479952,0.3742186,10.667012,10.69424,None,None,11.643574,11.705326,610
1646654998,620,0:01:35.241532,3,11.442859331766764,100,3,3,0.27019012,1.0769973,0.5479952,0.3742186,10.667012,10.69424,None,None,11.643574,11.705326,620
1646654998,630,0:01:36.735600,3,11.442859331766764,100,3,3,0.27019012,1.0769973,0.5479952,0.3742186,10.667012,10.69424,None,None,11.643574,11.705326,630
1646654998,640,0:01:38.232668,3,11.442859331766764,100,3,3,0.27019012,1.0769973,0.5479952,0.3742186,10.667012,10.69424,None,None,11.643574,11.705326,640
1646654998,650,0:01:39.712597,3,11.442859331766764,100,3,3,0.27019012,1.0769973,0.5479952,0.3742186,10.667012,10.69424,None,None,11.643574,11.705326,650
1646654998,660,0:01:41.198947,3,11.442859331766764,100,3,3,0.27019012,1.0769973,0.5479952,0.3742186,10.667012,10.69424,None,None,11.643574,11.705326,660
1646654998,670,0:01:42.717919,3,11.442859331766764,100,3,3,0.27019012,1.0769973,0.5479952,0.3742186,10.667012,10.69424,None,None,11.643574,11.705326,670
1646654998,680,0:01:44.258284,3,11.442859331766764,100,3,3,0.27019012,1.0769973,0.5479952,0.3742186,10.667012,10.69424,None,None,11.643574,11.705326,680
1646654998,690,0:01:45.805051,3,11.442859331766764,100,3,3,0.27019012,1.0769973,0.5479952,0.3742186,10.667012,10.69424,None,None,11.643574,11.705326,690
1646654998,700,0:01:47.282133,3,11.442859331766764,100,3,3,0.27019012,1.0769973,0.5479952,0.3742186,10.667012,10.69424,None,None,11.643574,11.705326,700
1646654998,710,0:01:48.845420,3,11.442859331766764,100,3,3,0.27019012,1.0769973,0.5479952,0.3742186,10.667012,10.69424,None,None,11.643574,11.705326,710
1646654998,720,0:01:50.604667,3,11.442859331766764,100,3,3,0.27019012,1.0769973,0.5479952,0.3742186,10.667012,10.69424,None,None,11.643574,11.705326,720
1646654998,730,0:01:52.163210,3,11.442859331766764,100,3,3,0.27019012,1.0769973,0.5479952,0.3742186,10.667012,10.69424,None,None,11.643574,11.705326,730
1646654998,740,0:01:53.665665,3,11.442859331766764,100,3,3,0.27019012,1.0769973,0.5479952,0.3742186,10.667012,10.69424,None,None,11.643574,11.705326,740
1646654998,750,0:01:55.180323,3,11.442859331766764,100,3,3,0.27019012,1.0769973,0.5479952,0.3742186,10.667012,10.69424,None,None,11.643574,11.705326,750
1646654998,760,0:01:56.709303,3,11.442859331766764,100,3,3,0.27019012,1.0769973,0.5479952,0.3742186,10.667012,10.69424,None,None,11.643574,11.705326,760
1646654998,770,0:01:58.235370,3,11.442859331766764,100,3,3,0.27019012,1.0769973,0.5479952,0.3742186,10.667012,10.69424,None,None,11.643574,11.705326,770
1646654998,780,0:01:59.765912,3,11.442859331766764,100,3,3,0.27019012,1.0769973,0.5479952,0.3742186,10.667012,10.69424,None,None,11.643574,11.705326,780
1646654998,790,0:02:01.264205,3,11.442859331766764,100,3,3,0.27019012,1.0769973,0.5479952,0.3742186,10.667012,10.69424,None,None,11.643574,11.705326,790
1646654998,800,0:02:02.775014,3,11.442859331766764,100,3,3,0.27019012,1.0769973,0.5479952,0.3742186,10.667012,10.69424,None,None,11.643574,11.705326,800
1646654998,810,0:02:04.333220,3,11.442859331766764,100,3,3,0.27019012,1.0769973,0.5479952,0.3742186,10.667012,10.69424,None,None,11.643574,11.705326,810
1646654998,820,0:02:05.905589,3,11.442859331766764,100,3,3,0.27019012,1.0769973,0.5479952,0.3742186,10.667012,10.69424,None,None,11.643574,11.705326,820
1646654998,830,0:02:07.543555,3,11.442859331766764,100,3,3,0.27019012,1.0769973,0.5479952,0.3742186,10.667012,10.69424,None,None,11.643574,11.705326,830
1646654998,840,0:02:09.147800,3,11.442859331766764,100,3,3,0.27019012,1.0769973,0.5479952,0.3742186,10.667012,10.69424,None,None,11.643574,11.705326,840
1646654998,850,0:02:10.694832,3,11.442859331766764,100,3,3,0.27019012,1.0769973,0.5479952,0.3742186,10.667012,10.69424,None,None,11.643574,11.705326,850
1646654998,860,0:02:12.196531,3,11.442859331766764,100,3,3,0.27019012,1.0769973,0.5479952,0.3742186,10.667012,10.69424,None,None,11.643574,11.705326,860
1646654998,870,0:02:13.722503,3,11.442859331766764,100,3,3,0.27019012,1.0769973,0.5479952,0.3742186,10.667012,10.69424,None,None,11.643574,11.705326,870
1646654998,880,0:02:15.273559,3,11.442859331766764,100,3,3,0.27019012,1.0769973,0.5479952,0.3742186,10.667012,10.69424,None,None,11.643574,11.705326,880
1646654998,890,0:02:16.811203,3,11.442859331766764,100,3,3,0.27019012,1.0769973,0.5479952,0.3742186,10.667012,10.69424,None,None,11.643574,11.705326,890
1646654998,900,0:02:18.388816,3,11.442859331766764,100,3,3,0.27019012,1.0769973,0.5479952,0.3742186,10.667012,10.69424,None,None,11.643574,11.705326,900
1646654998,910,0:02:20.149648,3,11.442859331766764,100,3,3,0.27019012,1.0769973,0.5479952,0.3742186,10.667012,10.69424,None,None,11.643574,11.705326,910
1646654998,920,0:02:21.969186,3,11.442859331766764,100,3,3,0.27019012,1.0769973,0.5479952,0.3742186,10.667012,10.69424,None,None,11.643574,11.705326,920
1646654998,930,0:02:23.777701,3,11.442859331766764,100,3,3,0.27019012,1.0769973,0.5479952,0.3742186,10.667012,10.69424,None,None,11.643574,11.705326,930
1646654998,940,0:02:25.543010,3,11.442859331766764,100,3,3,0.27019012,1.0769973,0.5479952,0.3742186,10.667012,10.69424,None,None,11.643574,11.705326,940
1646654998,950,0:02:27.336288,3,11.442859331766764,100,3,3,0.27019012,1.0769973,0.5479952,0.3742186,10.667012,10.69424,None,None,11.643574,11.705326,950
1646654998,960,0:02:29.207732,3,11.442859331766764,100,3,3,0.27019012,1.0769973,0.5479952,0.3742186,10.667012,10.69424,None,None,11.643574,11.705326,960
1646654998,970,0:02:31.066052,3,11.442859331766764,100,3,3,0.27019012,1.0769973,0.5479952,0.3742186,10.667012,10.69424,None,None,11.643574,11.705326,970
1646654998,980,0:02:33.028831,3,11.442859331766764,100,3,3,0.27019012,1.0769973,0.5479952,0.3742186,10.667012,10.69424,None,None,11.643574,11.705326,980
1646654998,990,0:02:35.005300,3,11.442859331766764,100,3,3,0.27019012,1.0769973,0.5479952,0.3742186,10.667012,10.69424,None,None,11.643574,11.705326,990
1646654998,1000,0:02:36.898930,3,11.442859331766764,100,3,3,0.27019012,1.0769973,0.5479952,0.3742186,10.667012,10.69424,None,None,11.643574,11.705326,1000
1646654998,1010,0:02:38.818080,3,11.442859331766764,100,3,3,0.27019012,1.0769973,0.5479952,0.3742186,10.667012,10.69424,None,None,11.643574,11.705326,1010
1646654998,1020,0:02:40.765969,3,11.442859331766764,100,3,3,0.27019012,1.0769973,0.5479952,0.3742186,10.667012,10.69424,None,None,11.643574,11.705326,1020
1646654998,1030,0:02:42.781985,3,11.442859331766764,100,3,3,0.27019012,1.0769973,0.5479952,0.3742186,10.667012,10.69424,None,None,11.643574,11.705326,1030
1646654998,1040,0:02:45.018168,3,11.442859331766764,100,3,3,0.27019012,1.0769973,0.5479952,0.3742186,10.667012,10.69424,None,None,11.643574,11.705326,1040
1646654998,1050,0:02:47.139064,3,11.442859331766764,100,3,3,0.27019012,1.0769973,0.5479952,0.3742186,10.667012,10.69424,None,None,11.643574,11.705326,1050
1646654998,1060,0:02:49.112434,3,11.442859331766764,100,3,3,0.27019012,1.0769973,0.5479952,0.3742186,10.667012,10.69424,None,None,11.643574,11.705326,1060
1646654998,1070,0:02:51.132261,3,11.442859331766764,100,3,3,0.27019012,1.0769973,0.5479952,0.3742186,10.667012,10.69424,None,None,11.643574,11.705326,1070
1646654998,1080,0:02:53.202164,3,11.442859331766764,100,3,3,0.27019012,1.0769973,0.5479952,0.3742186,10.667012,10.69424,None,None,11.643574,11.705326,1080
1646654998,1090,0:02:55.145357,3,11.442859331766764,100,3,3,0.27019012,1.0769973,0.5479952,0.3742186,10.667012,10.69424,None,None,11.643574,11.705326,1090
1646654998,1100,0:02:56.981579,3,11.442859331766764,100,3,3,0.27019012,1.0769973,0.5479952,0.3742186,10.667012,10.69424,None,None,11.643574,11.705326,1100
1646654998,1110,0:02:58.824363,3,11.442859331766764,100,3,3,0.27019012,1.0769973,0.5479952,0.3742186,10.667012,10.69424,None,None,11.643574,11.705326,1110
1646654998,1120,0:03:00.637830,3,11.442859331766764,100,3,3,0.27019012,1.0769973,0.5479952,0.3742186,10.667012,10.69424,None,None,11.643574,11.705326,1120
1646654998,1130,0:03:02.520029,3,11.442859331766764,100,3,3,0.27019012,1.0769973,0.5479952,0.3742186,10.667012,10.69424,None,None,11.643574,11.705326,1130
1646654998,1140,0:03:04.512175,3,11.442859331766764,100,3,3,0.27019012,1.0769973,0.5479952,0.3742186,10.667012,10.69424,None,None,11.643574,11.705326,1140
1646654998,1150,0:03:06.453122,3,11.442859331766764,100,3,3,0.27019012,1.0769973,0.5479952,0.3742186,10.667012,10.69424,None,None,11.643574,11.705326,1150
1646654998,1160,0:03:08.332056,3,11.442859331766764,100,3,3,0.27019012,1.0769973,0.5479952,0.3742186,10.667012,10.69424,None,None,11.643574,11.705326,1160
1646654998,1170,0:03:10.110196,3,11.442859331766764,100,3,3,0.27019012,1.0769973,0.5479952,0.3742186,10.667012,10.69424,None,None,11.643574,11.705326,1170
1646654998,1180,0:03:11.941941,3,11.442859331766764,100,3,3,0.27019012,1.0769973,0.5479952,0.3742186,10.667012,10.69424,None,None,11.643574,11.705326,1180
1646654998,1190,0:03:13.746293,3,11.442859331766764,100,3,3,0.27019012,1.0769973,0.5479952,0.3742186,10.667012,10.69424,None,None,11.643574,11.705326,1190
1646654998,1200,0:03:15.530398,3,11.442859331766764,100,3,3,0.27019012,1.0769973,0.5479952,0.3742186,10.667012,10.69424,None,None,11.643574,11.705326,1200
1646654998,1210,0:03:17.439404,3,11.442859331766764,100,3,3,0.27019012,1.0769973,0.5479952,0.3742186,10.667012,10.69424,None,None,11.643574,11.705326,1210
1646654998,1220,0:03:19.361533,3,11.442859331766764,100,3,3,0.27019012,1.0769973,0.5479952,0.3742186,10.667012,10.69424,None,None,11.643574,11.705326,1220
1646654998,1230,0:03:21.717578,3,11.442859331766764,100,3,3,0.27019012,1.0769973,0.5479952,0.3742186,10.667012,10.69424,None,None,11.643574,11.705326,1230
1646654998,1240,0:03:23.598813,3,11.442859331766764,100,3,3,0.27019012,1.0769973,0.5479952,0.3742186,10.667012,10.69424,None,None,11.643574,11.705326,1240
1646654998,1250,0:03:25.355398,3,11.442859331766764,100,3,3,0.27019012,1.0769973,0.5479952,0.3742186,10.667012,10.69424,None,None,11.643574,11.705326,1250
1646654998,1260,0:03:27.224726,3,11.442859331766764,100,3,3,0.27019012,1.0769973,0.5479952,0.3742186,10.667012,10.69424,None,None,11.643574,11.705326,1260
1646654998,1270,0:03:29.007064,3,11.442859331766764,100,3,3,0.27019012,1.0769973,0.5479952,0.3742186,10.667012,10.69424,None,None,11.643574,11.705326,1270
1646654998,1280,0:03:30.806446,3,11.442859331766764,100,3,3,0.27019012,1.0769973,0.5479952,0.3742186,10.667012,10.69424,None,None,11.643574,11.705326,1280
1646654998,1290,0:03:32.710416,3,11.442859331766764,100,3,3,0.27019012,1.0769973,0.5479952,0.3742186,10.667012,10.69424,None,None,11.643574,11.705326,1290
1646654998,1300,0:03:34.702513,3,11.442859331766764,100,3,3,0.27019012,1.0769973,0.5479952,0.3742186,10.667012,10.69424,None,None,11.643574,11.705326,1300
1646654998,1310,0:03:36.677686,3,11.442859331766764,100,3,3,0.27019012,1.0769973,0.5479952,0.3742186,10.667012,10.69424,None,None,11.643574,11.705326,1310
1646654998,1320,0:03:38.566407,3,11.442859331766764,100,3,3,0.27019012,1.0769973,0.5479952,0.3742186,10.667012,10.69424,None,None,11.643574,11.705326,1320
1646654998,1330,0:03:40.377057,3,11.442859331766764,100,3,3,0.27019012,1.0769973,0.5479952,0.3742186,10.667012,10.69424,None,None,11.643574,11.705326,1330
1646654998,1340,0:03:42.182229,3,11.442859331766764,100,3,3,0.27019012,1.0769973,0.5479952,0.3742186,10.667012,10.69424,None,None,11.643574,11.705326,1340
1646654998,1350,0:03:44.018485,3,11.442859331766764,100,3,3,0.27019012,1.0769973,0.5479952,0.3742186,10.667012,10.69424,None,None,11.643574,11.705326,1350
1646654998,1360,0:03:45.810980,3,11.442859331766764,100,3,3,0.27019012,1.0769973,0.5479952,0.3742186,10.667012,10.69424,None,None,11.643574,11.705326,1360
1646654998,1370,0:03:47.606837,3,11.442859331766764,100,3,3,0.27019012,1.0769973,0.5479952,0.3742186,10.667012,10.69424,None,None,11.643574,11.705326,1370
1646654998,1380,0:03:49.416602,3,11.442859331766764,100,3,3,0.27019012,1.0769973,0.5479952,0.3742186,10.667012,10.69424,None,None,11.643574,11.705326,1380
1646654998,1390,0:03:51.173068,3,11.442859331766764,100,3,3,0.27019012,1.0769973,0.5479952,0.3742186,10.667012,10.69424,None,None,11.643574,11.705326,1390
1646654998,1400,0:03:53.002181,3,11.442859331766764,100,3,3,0.27019012,1.0769973,0.5479952,0.3742186,10.667012,10.69424,None,None,11.643574,11.705326,1400
1646654998,1410,0:03:54.795701,3,11.442859331766764,100,3,3,0.27019012,1.0769973,0.5479952,0.3742186,10.667012,10.69424,None,None,11.643574,11.705326,1410
1646654998,1420,0:03:56.606904,3,11.442859331766764,100,3,3,0.27019012,1.0769973,0.5479952,0.3742186,10.667012,10.69424,None,None,11.643574,11.705326,1420
1646654998,1430,0:03:58.441182,3,11.442859331766764,100,3,3,0.27019012,1.0769973,0.5479952,0.3742186,10.667012,10.69424,None,None,11.643574,11.705326,1430
1646654998,1440,0:04:00.367107,3,11.442859331766764,100,3,3,0.27019012,1.0769973,0.5479952,0.3742186,10.667012,10.69424,None,None,11.643574,11.705326,1440
1646654998,1450,0:04:02.219248,3,11.442859331766764,100,3,3,0.27019012,1.0769973,0.5479952,0.3742186,10.667012,10.69424,None,None,11.643574,11.705326,1450
1646654998,1460,0:04:04.187652,3,11.442859331766764,100,3,3,0.27019012,1.0769973,0.5479952,0.3742186,10.667012,10.69424,None,None,11.643574,11.705326,1460
1646654998,1470,0:04:06.185744,3,11.442859331766764,100,3,3,0.27019012,1.0769973,0.5479952,0.3742186,10.667012,10.69424,None,None,11.643574,11.705326,1470
1646654998,1480,0:04:08.011812,3,11.442859331766764,100,3,3,0.27019012,1.0769973,0.5479952,0.3742186,10.667012,10.69424,None,None,11.643574,11.705326,1480
1646654998,1490,0:04:09.946408,3,11.442859331766764,100,3,3,0.27019012,1.0769973,0.5479952,0.3742186,10.667012,10.69424,None,None,11.643574,11.705326,1490
1646654998,1500,0:04:11.725419,3,11.442859331766764,100,3,3,0.27019012,1.0769973,0.5479952,0.3742186,10.667012,10.69424,None,None,11.643574,11.705326,1500
1646654998,1510,0:04:13.564063,3,11.442859331766764,100,3,3,0.27019012,1.0769973,0.5479952,0.3742186,10.667012,10.69424,None,None,11.643574,11.705326,1510
1646654998,1520,0:04:15.353940,3,11.442859331766764,100,3,3,0.27019012,1.0769973,0.5479952,0.3742186,10.667012,10.69424,None,None,11.643574,11.705326,1520
1646654998,1530,0:04:17.108760,3,11.442859331766764,100,3,3,0.27019012,1.0769973,0.5479952,0.3742186,10.667012,10.69424,None,None,11.643574,11.705326,1530
1646654998,1540,0:04:18.869706,3,11.442859331766764,100,3,3,0.27019012,1.0769973,0.5479952,0.3742186,10.667012,10.69424,None,None,11.643574,11.705326,1540
1646654998,1550,0:04:20.672477,3,11.442859331766764,100,3,3,0.27019012,1.0769973,0.5479952,0.3742186,10.667012,10.69424,None,None,11.643574,11.705326,1550
1646654998,1560,0:04:22.419762,3,11.442859331766764,100,3,3,0.27019012,1.0769973,0.5479952,0.3742186,10.667012,10.69424,None,None,11.643574,11.705326,1560
1646654998,1570,0:04:24.234880,3,11.442859331766764,100,3,3,0.27019012,1.0769973,0.5479952,0.3742186,10.667012,10.69424,None,None,11.643574,11.705326,1570
1646654998,1580,0:04:25.968656,3,11.442859331766764,100,3,3,0.27019012,1.0769973,0.5479952,0.3742186,10.667012,10.69424,None,None,11.643574,11.705326,1580
1646654998,1590,0:04:27.713028,3,11.442859331766764,100,3,3,0.27019012,1.0769973,0.5479952,0.3742186,10.667012,10.69424,None,None,11.643574,11.705326,1590
1646654998,1600,0:04:29.462839,3,11.442859331766764,100,3,3,0.27019012,1.0769973,0.5479952,0.3742186,10.667012,10.69424,None,None,11.643574,11.705326,1600
1646654998,1610,0:04:31.214722,3,11.442859331766764,100,3,3,0.27019012,1.0769973,0.5479952,0.3742186,10.667012,10.69424,None,None,11.643574,11.705326,1610
1646654998,1620,0:04:33.171948,3,11.442859331766764,100,3,3,0.27019012,1.0769973,0.5479952,0.3742186,10.667012,10.69424,None,None,11.643574,11.705326,1620
1646654998,1630,0:04:35.084671,3,11.442859331766764,100,3,3,0.27019012,1.0769973,0.5479952,0.3742186,10.667012,10.69424,None,None,11.643574,11.705326,1630
1646654998,1640,0:04:36.899591,3,11.442859331766764,100,3,3,0.27019012,1.0769973,0.5479952,0.3742186,10.667012,10.69424,None,None,11.643574,11.705326,1640
1646654998,1650,0:04:38.646695,3,11.442859331766764,100,3,3,0.27019012,1.0769973,0.5479952,0.3742186,10.667012,10.69424,None,None,11.643574,11.705326,1650
1646654998,1660,0:04:40.391244,3,11.442859331766764,100,3,3,0.27019012,1.0769973,0.5479952,0.3742186,10.667012,10.69424,None,None,11.643574,11.705326,1660
1646654998,1670,0:04:42.108133,3,11.442859331766764,100,3,3,0.27019012,1.0769973,0.5479952,0.3742186,10.667012,10.69424,None,None,11.643574,11.705326,1670
1646654998,1680,0:04:43.977098,3,11.442859331766764,100,3,3,0.27019012,1.0769973,0.5479952,0.3742186,10.667012,10.69424,None,None,11.643574,11.705326,1680
1646654998,1690,0:04:45.764767,3,11.442859331766764,100,3,3,0.27019012,1.0769973,0.5479952,0.3742186,10.667012,10.69424,None,None,11.643574,11.705326,1690
1646654998,1700,0:04:47.502075,3,11.442859331766764,100,3,3,0.27019012,1.0769973,0.5479952,0.3742186,10.667012,10.69424,None,None,11.643574,11.705326,1700
1646654998,1710,0:04:49.352462,3,11.442859331766764,100,3,3,0.27019012,1.0769973,0.5479952,0.3742186,10.667012,10.69424,None,None,11.643574,11.705326,1710
1646654998,1720,0:04:51.152889,3,11.442859331766764,100,3,3,0.27019012,1.0769973,0.5479952,0.3742186,10.667012,10.69424,None,None,11.643574,11.705326,1720
1646654998,1730,0:04:52.910269,3,11.442859331766764,100,3,3,0.27019012,1.0769973,0.5479952,0.3742186,10.667012,10.69424,None,None,11.643574,11.705326,1730
1646654998,1740,0:04:54.612460,3,11.442859331766764,100,3,3,0.27019012,1.0769973,0.5479952,0.3742186,10.667012,10.69424,None,None,11.643574,11.705326,1740
1646654998,1750,0:04:56.360057,3,11.442859331766764,100,3,3,0.27019012,1.0769973,0.5479952,0.3742186,10.667012,10.69424,None,None,11.643574,11.705326,1750
1646654998,1760,0:04:58.095394,3,11.442859331766764,100,3,3,0.27019012,1.0769973,0.5479952,0.3742186,10.667012,10.69424,None,None,11.643574,11.705326,1760
1646654998,1770,0:04:59.835183,3,11.442859331766764,100,3,3,0.27019012,1.0769973,0.5479952,0.3742186,10.667012,10.69424,None,None,11.643574,11.705326,1770
1646654998,1780,0:05:01.494658,3,11.442859331766764,100,3,3,0.27019012,1.0769973,0.5479952,0.3742186,10.667012,10.69424,None,None,11.643574,11.705326,1780
1646654998,1790,0:05:03.107808,3,11.442859331766764,100,3,3,0.27019012,1.0769973,0.5479952,0.3742186,10.667012,10.69424,None,None,11.643574,11.705326,1790
1646654998,1800,0:05:04.702220,3,11.442859331766764,100,3,3,0.27019012,1.0769973,0.5479952,0.3742186,10.667012,10.69424,None,None,11.643574,11.705326,1800
1646654998,1810,0:05:06.256201,3,11.442859331766764,100,3,3,0.27019012,1.0769973,0.5479952,0.3742186,10.667012,10.69424,None,None,11.643574,11.705326,1810
1646654998,1820,0:05:07.827585,3,11.442859331766764,100,3,3,0.27019012,1.0769973,0.5479952,0.3742186,10.667012,10.69424,None,None,11.643574,11.705326,1820
1646654998,1830,0:05:09.428617,3,11.442859331766764,100,3,3,0.27019012,1.0769973,0.5479952,0.3742186,10.667012,10.69424,None,None,11.643574,11.705326,1830
1646654998,1840,0:05:11.054993,3,11.442859331766764,100,3,3,0.27019012,1.0769973,0.5479952,0.3742186,10.667012,10.69424,None,None,11.643574,11.705326,1840
1646654998,1850,0:05:12.699800,3,11.442859331766764,100,3,3,0.27019012,1.0769973,0.5479952,0.3742186,10.667012,10.69424,None,None,11.643574,11.705326,1850
1646654998,1860,0:05:14.357181,3,11.442859331766764,100,3,3,0.27019012,1.0769973,0.5479952,0.3742186,10.667012,10.69424,None,None,11.643574,11.705326,1860
1646654998,1870,0:05:15.959582,3,11.442859331766764,100,3,3,0.27019012,1.0769973,0.5479952,0.3742186,10.667012,10.69424,None,None,11.643574,11.705326,1870
1646654998,1880,0:05:17.505682,3,11.442859331766764,100,3,3,0.27019012,1.0769973,0.5479952,0.3742186,10.667012,10.69424,None,None,11.643574,11.705326,1880
1646654998,1890,0:05:19.169636,3,11.442859331766764,100,3,3,0.27019012,1.0769973,0.5479952,0.3742186,10.667012,10.69424,None,None,11.643574,11.705326,1890
1646654998,1900,0:05:20.791655,3,11.442859331766764,100,3,3,0.27019012,1.0769973,0.5479952,0.3742186,10.667012,10.69424,None,None,11.643574,11.705326,1900
1646654998,1910,0:05:22.314472,3,11.442859331766764,100,3,3,0.27019012,1.0769973,0.5479952,0.3742186,10.667012,10.69424,None,None,11.643574,11.705326,1910
1646654998,1920,0:05:23.864897,3,11.442859331766764,100,3,3,0.27019012,1.0769973,0.5479952,0.3742186,10.667012,10.69424,None,None,11.643574,11.705326,1920
1646654998,1930,0:05:25.422241,3,11.442859331766764,100,3,3,0.27019012,1.0769973,0.5479952,0.3742186,10.667012,10.69424,None,None,11.643574,11.705326,1930
1646654998,1940,0:05:27.092241,3,11.442859331766764,100,3,3,0.27019012,1.0769973,0.5479952,0.3742186,10.667012,10.69424,None,None,11.643574,11.705326,1940
1646654998,1950,0:05:28.720005,3,11.442859331766764,100,3,3,0.27019012,1.0769973,0.5479952,0.3742186,10.667012,10.69424,None,None,11.643574,11.705326,1950
1646654998,1960,0:05:30.262758,3,11.442859331766764,100,3,3,0.27019012,1.0769973,0.5479952,0.3742186,10.667012,10.69424,None,None,11.643574,11.705326,1960
1646654998,1970,0:05:31.814870,3,11.442859331766764,100,3,3,0.27019012,1.0769973,0.5479952,0.3742186,10.667012,10.69424,None,None,11.643574,11.705326,1970
1646654998,1980,0:05:33.413970,3,11.442859331766764,100,3,3,0.27019012,1.0769973,0.5479952,0.3742186,10.667012,10.69424,None,None,11.643574,11.705326,1980
1646654998,1990,0:05:34.946728,3,11.442859331766764,100,3,3,0.27019012,1.0769973,0.5479952,0.3742186,10.667012,10.69424,None,None,11.643574,11.705326,1990
1646654998,2000,0:05:36.477467,3,11.442859331766764,100,3,3,0.27019012,1.0769973,0.5479952,0.3742186,10.667012,10.69424,None,None,11.643574,11.705326,2000
1646654998,2010,0:05:37.998098,3,11.442859331766764,100,3,3,0.27019012,1.0769973,0.5479952,0.3742186,10.667012,10.69424,None,None,11.643574,11.705326,2010
1646654998,2020,0:05:39.561328,3,11.442859331766764,100,3,3,0.27019012,1.0769973,0.5479952,0.3742186,10.667012,10.69424,None,None,11.643574,11.705326,2020
1646654998,2030,0:05:41.087488,3,11.442859331766764,100,3,3,0.27019012,1.0769973,0.5479952,0.3742186,10.667012,10.69424,None,None,11.643574,11.705326,2030
1646654998,2040,0:05:42.573629,3,11.442859331766764,100,3,3,0.27019012,1.0769973,0.5479952,0.3742186,10.667012,10.69424,None,None,11.643574,11.705326,2040
1646654998,2050,0:05:44.103238,3,11.442859331766764,100,3,3,0.27019012,1.0769973,0.5479952,0.3742186,10.667012,10.69424,None,None,11.643574,11.705326,2050
1646654998,2060,0:05:45.686883,3,11.442859331766764,100,3,3,0.27019012,1.0769973,0.5479952,0.3742186,10.667012,10.69424,None,None,11.643574,11.705326,2060
1646654998,2070,0:05:47.207995,3,11.442859331766764,100,3,3,0.27019012,1.0769973,0.5479952,0.3742186,10.667012,10.69424,None,None,11.643574,11.705326,2070
1646654998,2080,0:05:48.744113,3,11.442859331766764,100,3,3,0.27019012,1.0769973,0.5479952,0.3742186,10.667012,10.69424,None,None,11.643574,11.705326,2080
1646654998,2090,0:05:50.270858,3,11.442859331766764,100,3,3,0.27019012,1.0769973,0.5479952,0.3742186,10.667012,10.69424,None,None,11.643574,11.705326,2090
1646654998,2100,0:05:51.810463,3,11.442859331766764,100,3,3,0.27019012,1.0769973,0.5479952,0.3742186,10.667012,10.69424,None,None,11.643574,11.705326,2100
1646654998,2110,0:05:53.368375,3,11.442859331766764,100,3,3,0.27019012,1.0769973,0.5479952,0.3742186,10.667012,10.69424,None,None,11.643574,11.705326,2110
1646654998,2120,0:05:54.961014,3,11.442859331766764,100,3,3,0.27019012,1.0769973,0.5479952,0.3742186,10.667012,10.69424,None,None,11.643574,11.705326,2120
1646654998,2130,0:05:56.539387,3,11.442859331766764,100,3,3,0.27019012,1.0769973,0.5479952,0.3742186,10.667012,10.69424,None,None,11.643574,11.705326,2130
1646654998,2140,0:05:58.092211,3,11.442859331766764,100,3,3,0.27019012,1.0769973,0.5479952,0.3742186,10.667012,10.69424,None,None,11.643574,11.705326,2140
1646654998,2150,0:05:59.646443,3,11.442859331766764,100,3,3,0.27019012,1.0769973,0.5479952,0.3742186,10.667012,10.69424,None,None,11.643574,11.705326,2150
1646654998,2160,0:06:01.189246,3,11.442859331766764,100,3,3,0.27019012,1.0769973,0.5479952,0.3742186,10.667012,10.69424,None,None,11.643574,11.705326,2160
1646654998,2170,0:06:02.729907,3,11.442859331766764,100,3,3,0.27019012,1.0769973,0.5479952,0.3742186,10.667012,10.69424,None,None,11.643574,11.705326,2170
1646654998,2180,0:06:04.284595,3,11.442859331766764,100,3,3,0.27019012,1.0769973,0.5479952,0.3742186,10.667012,10.69424,None,None,11.643574,11.705326,2180
1646654998,2190,0:06:05.900372,3,11.442859331766764,100,3,3,0.27019012,1.0769973,0.5479952,0.3742186,10.667012,10.69424,None,None,11.643574,11.705326,2190
1646654998,2200,0:06:07.522778,3,11.442859331766764,100,3,3,0.27019012,1.0769973,0.5479952,0.3742186,10.667012,10.69424,None,None,11.643574,11.705326,2200
1646654998,2210,0:06:09.151754,3,11.442859331766764,100,3,3,0.27019012,1.0769973,0.5479952,0.3742186,10.667012,10.69424,None,None,11.643574,11.705326,2210
1646654998,2220,0:06:10.774530,3,11.442859331766764,100,3,3,0.27019012,1.0769973,0.5479952,0.3742186,10.667012,10.69424,None,None,11.643574,11.705326,2220
1646654998,2230,0:06:12.406425,3,11.442859331766764,100,3,3,0.27019012,1.0769973,0.5479952,0.3742186,10.667012,10.69424,None,None,11.643574,11.705326,2230
1646654998,2240,0:06:14.038749,3,11.442859331766764,100,3,3,0.27019012,1.0769973,0.5479952,0.3742186,10.667012,10.69424,None,None,11.643574,11.705326,2240
1646654998,2250,0:06:15.696224,3,11.442859331766764,100,3,3,0.27019012,1.0769973,0.5479952,0.3742186,10.667012,10.69424,None,None,11.643574,11.705326,2250
1646654998,2260,0:06:17.356995,3,11.442859331766764,100,3,3,0.27019012,1.0769973,0.5479952,0.3742186,10.667012,10.69424,None,None,11.643574,11.705326,2260
1646654998,2270,0:06:19.142251,3,11.442859331766764,100,3,3,0.27019012,1.0769973,0.5479952,0.3742186,10.667012,10.69424,None,None,11.643574,11.705326,2270
1646654998,2280,0:06:20.972296,3,11.442859331766764,100,3,3,0.27019012,1.0769973,0.5479952,0.3742186,10.667012,10.69424,None,None,11.643574,11.705326,2280
1646654998,2290,0:06:22.712944,3,11.442859331766764,100,3,3,0.27019012,1.0769973,0.5479952,0.3742186,10.667012,10.69424,None,None,11.643574,11.705326,2290
1646654998,2300,0:06:24.429085,3,11.442859331766764,100,3,3,0.27019012,1.0769973,0.5479952,0.3742186,10.667012,10.69424,None,None,11.643574,11.705326,2300
1646654998,2310,0:06:26.118204,3,11.442859331766764,100,3,3,0.27019012,1.0769973,0.5479952,0.3742186,10.667012,10.69424,None,None,11.643574,11.705326,2310
1646654998,2320,0:06:27.849359,3,11.442859331766764,100,3,3,0.27019012,1.0769973,0.5479952,0.3742186,10.667012,10.69424,None,None,11.643574,11.705326,2320
1646654998,2330,0:06:29.628304,3,11.442859331766764,100,3,3,0.27019012,1.0769973,0.5479952,0.3742186,10.667012,10.69424,None,None,11.643574,11.705326,2330
1646654998,2340,0:06:31.408406,3,11.442859331766764,100,3,3,0.27019012,1.0769973,0.5479952,0.3742186,10.667012,10.69424,None,None,11.643574,11.705326,2340
1646654998,2350,0:06:33.388332,3,11.442859331766764,100,3,3,0.27019012,1.0769973,0.5479952,0.3742186,10.667012,10.69424,None,None,11.643574,11.705326,2350
1646654998,2360,0:06:35.196823,3,11.442859331766764,100,3,3,0.27019012,1.0769973,0.5479952,0.3742186,10.667012,10.69424,None,None,11.643574,11.705326,2360
1646654998,2370,0:06:37.040199,3,11.442859331766764,100,3,3,0.27019012,1.0769973,0.5479952,0.3742186,10.667012,10.69424,None,None,11.643574,11.705326,2370
1646654998,2380,0:06:38.838060,3,11.442859331766764,100,3,3,0.27019012,1.0769973,0.5479952,0.3742186,10.667012,10.69424,None,None,11.643574,11.705326,2380
1646654998,2390,0:06:40.716273,3,11.442859331766764,100,3,3,0.27019012,1.0769973,0.5479952,0.3742186,10.667012,10.69424,None,None,11.643574,11.705326,2390
1646654998,2400,0:06:42.432974,3,11.442859331766764,100,3,3,0.27019012,1.0769973,0.5479952,0.3742186,10.667012,10.69424,None,None,11.643574,11.705326,2400
1646654998,2410,0:06:44.135771,3,11.442859331766764,100,3,3,0.27019012,1.0769973,0.5479952,0.3742186,10.667012,10.69424,None,None,11.643574,11.705326,2410
1646654998,2420,0:06:46.066535,3,11.442859331766764,100,3,3,0.27019012,1.0769973,0.5479952,0.3742186,10.667012,10.69424,None,None,11.643574,11.705326,2420
1646654998,2430,0:06:47.796398,3,11.442859331766764,100,3,3,0.27019012,1.0769973,0.5479952,0.3742186,10.667012,10.69424,None,None,11.643574,11.705326,2430
1646654998,2440,0:06:49.546099,3,11.442859331766764,100,3,3,0.27019012,1.0769973,0.5479952,0.3742186,10.667012,10.69424,None,None,11.643574,11.705326,2440
1646654998,2450,0:06:51.209985,3,11.442859331766764,100,3,3,0.27019012,1.0769973,0.5479952,0.3742186,10.667012,10.69424,None,None,11.643574,11.705326,2450
1646654998,2460,0:06:52.928615,3,11.442859331766764,100,3,3,0.27019012,1.0769973,0.5479952,0.3742186,10.667012,10.69424,None,None,11.643574,11.705326,2460
1646654998,2470,0:06:54.643198,3,11.442859331766764,100,3,3,0.27019012,1.0769973,0.5479952,0.3742186,10.667012,10.69424,None,None,11.643574,11.705326,2470
1646654998,2480,0:06:56.501915,3,11.442859331766764,100,3,3,0.27019012,1.0769973,0.5479952,0.3742186,10.667012,10.69424,None,None,11.643574,11.705326,2480
1646654998,2490,0:06:58.244210,3,11.442859331766764,100,3,3,0.27019012,1.0769973,0.5479952,0.3742186,10.667012,10.69424,None,None,11.643574,11.705326,2490
1646654998,2500,0:06:59.932403,3,11.442859331766764,100,3,3,0.27019012,1.0769973,0.5479952,0.3742186,10.667012,10.69424,None,None,11.643574,11.705326,2500
1646654998,2510,0:07:01.702603,3,11.442859331766764,100,3,3,0.27019012,1.0769973,0.5479952,0.3742186,10.667012,10.69424,None,None,11.643574,11.705326,2510
1646654998,2520,0:07:03.429646,3,11.442859331766764,100,3,3,0.27019012,1.0769973,0.5479952,0.3742186,10.667012,10.69424,None,None,11.643574,11.705326,2520
1646654998,2530,0:07:05.118853,3,11.442859331766764,100,3,3,0.27019012,1.0769973,0.5479952,0.3742186,10.667012,10.69424,None,None,11.643574,11.705326,2530
1646654998,2540,0:07:06.796591,3,11.442859331766764,100,3,3,0.27019012,1.0769973,0.5479952,0.3742186,10.667012,10.69424,None,None,11.643574,11.705326,2540
1646654998,2550,0:07:08.461506,3,11.442859331766764,100,3,3,0.27019012,1.0769973,0.5479952,0.3742186,10.667012,10.69424,None,None,11.643574,11.705326,2550
1646654998,2560,0:07:10.106832,3,11.442859331766764,100,3,3,0.27019012,1.0769973,0.5479952,0.3742186,10.667012,10.69424,None,None,11.643574,11.705326,2560
1646654998,2570,0:07:11.755537,3,11.442859331766764,100,3,3,0.27019012,1.0769973,0.5479952,0.3742186,10.667012,10.69424,None,None,11.643574,11.705326,2570
1646654998,2580,0:07:13.432776,3,11.442859331766764,100,3,3,0.27019012,1.0769973,0.5479952,0.3742186,10.667012,10.69424,None,None,11.643574,11.705326,2580
1646654998,2590,0:07:15.106813,3,11.442859331766764,100,3,3,0.27019012,1.0769973,0.5479952,0.3742186,10.667012,10.69424,None,None,11.643574,11.705326,2590
1646654998,2600,0:07:16.795420,3,11.442859331766764,100,3,3,0.27019012,1.0769973,0.5479952,0.3742186,10.667012,10.69424,None,None,11.643574,11.705326,2600
1646654998,2610,0:07:18.467965,3,11.442859331766764,100,3,3,0.27019012,1.0769973,0.5479952,0.3742186,10.667012,10.69424,None,None,11.643574,11.705326,2610
1646654998,2620,0:07:20.221722,3,11.442859331766764,100,3,3,0.27019012,1.0769973,0.5479952,0.3742186,10.667012,10.69424,None,None,11.643574,11.705326,2620
1646654998,2630,0:07:21.938603,3,11.442859331766764,100,3,3,0.27019012,1.0769973,0.5479952,0.3742186,10.667012,10.69424,None,None,11.643574,11.705326,2630
1646654998,2640,0:07:23.694996,3,11.442859331766764,100,3,3,0.27019012,1.0769973,0.5479952,0.3742186,10.667012,10.69424,None,None,11.643574,11.705326,2640
1646654998,2650,0:07:25.372721,3,11.442859331766764,100,3,3,0.27019012,1.0769973,0.5479952,0.3742186,10.667012,10.69424,None,None,11.643574,11.705326,2650
1646654998,2660,0:07:27.043921,3,11.442859331766764,100,3,3,0.27019012,1.0769973,0.5479952,0.3742186,10.667012,10.69424,None,None,11.643574,11.705326,2660
1646654998,2670,0:07:28.698997,3,11.442859331766764,100,3,3,0.27019012,1.0769973,0.5479952,0.3742186,10.667012,10.69424,None,None,11.643574,11.705326,2670
1646654998,2680,0:07:30.325325,3,11.442859331766764,100,3,3,0.27019012,1.0769973,0.5479952,0.3742186,10.667012,10.69424,None,None,11.643574,11.705326,2680
1646654998,2690,0:07:31.969878,3,11.442859331766764,100,3,3,0.27019012,1.0769973,0.5479952,0.3742186,10.667012,10.69424,None,None,11.643574,11.705326,2690
1646654998,2700,0:07:33.704951,3,11.442859331766764,100,3,3,0.27019012,1.0769973,0.5479952,0.3742186,10.667012,10.69424,None,None,11.643574,11.705326,2700
1646654998,2710,0:07:35.410976,3,11.442859331766764,100,3,3,0.27019012,1.0769973,0.5479952,0.3742186,10.667012,10.69424,None,None,11.643574,11.705326,2710
1646654998,2720,0:07:37.455620,4,11.242072582244873,100,4,4,0.27019012,1.1125511,0.6891342,0.40594375,10.63518,10.66963,None,None,11.709384,11.822693,2720
1646654998,2730,0:07:39.564458,4,11.242072582244873,100,4,4,0.27019012,1.1125511,0.6891342,0.40594375,10.63518,10.66963,None,None,11.709384,11.822693,2730
1646654998,2740,0:07:41.600831,4,11.242072582244873,100,4,4,0.27019012,1.1125511,0.6891342,0.40594375,10.63518,10.66963,None,None,11.709384,11.822693,2740
1646654998,2750,0:07:43.578044,4,11.242072582244873,100,4,4,0.27019012,1.1125511,0.6891342,0.40594375,10.63518,10.66963,None,None,11.709384,11.822693,2750
1646654998,2760,0:07:45.635869,4,11.242072582244873,100,4,4,0.27019012,1.1125511,0.6891342,0.40594375,10.63518,10.66963,None,None,11.709384,11.822693,2760
1646654998,2770,0:07:47.669283,4,11.242072582244873,100,4,4,0.27019012,1.1125511,0.6891342,0.40594375,10.63518,10.66963,None,None,11.709384,11.822693,2770
1646654998,2780,0:07:49.678179,4,11.242072582244873,100,4,4,0.27019012,1.1125511,0.6891342,0.40594375,10.63518,10.66963,None,None,11.709384,11.822693,2780
1646654998,2790,0:07:51.624232,4,11.242072582244873,100,4,4,0.27019012,1.1125511,0.6891342,0.40594375,10.63518,10.66963,None,None,11.709384,11.822693,2790
1646654998,2800,0:07:53.613127,4,11.233901023864746,100,4,4,0.27019012,1.0769973,0.67941266,0.39603198,10.630363,10.672242,None,None,11.686321,11.81442,2800
1646654998,2810,0:07:55.545653,4,11.23508326212565,100,4,4,0.27019012,1.0769973,0.6703449,0.3872183,10.629565,10.670203,None,None,11.687784,11.80998,2810
1646654998,2820,0:07:57.515490,4,11.23508326212565,100,4,4,0.27019012,1.0769973,0.6703449,0.3872183,10.629565,10.670203,None,None,11.687784,11.80998,2820
1646654998,2830,0:07:59.632720,4,11.23508326212565,100,4,4,0.27019012,1.0769973,0.6703449,0.3872183,10.629565,10.670203,None,None,11.687784,11.80998,2830
1646654998,2840,0:08:01.819655,4,11.23508326212565,100,4,4,0.27019012,1.0769973,0.6703449,0.3872183,10.629565,10.670203,None,None,11.687784,11.80998,2840
1646654998,2850,0:08:03.989589,4,11.23508326212565,100,4,4,0.27019012,1.0769973,0.6703449,0.3872183,10.629565,10.670203,None,None,11.687784,11.80998,2850
1646654998,2860,0:08:07.341108,4,11.23508326212565,100,4,4,0.27019012,1.0769973,0.6703449,0.3872183,10.629565,10.670203,None,None,11.687784,11.80998,2860
1646654998,2870,0:08:09.345210,4,11.23508326212565,100,4,4,0.27019012,1.0769973,0.6703449,0.3872183,10.629565,10.670203,None,None,11.687784,11.80998,2870
1646654998,2880,0:08:11.328816,4,11.23508326212565,100,4,4,0.27019012,1.0769973,0.6703449,0.3872183,10.629565,10.670203,None,None,11.687784,11.80998,2880
1646654998,2890,0:08:13.323481,4,11.23508326212565,100,4,4,0.27019012,1.0769973,0.6703449,0.3872183,10.629565,10.670203,None,None,11.687784,11.80998,2890
1646654998,2900,0:08:15.285845,4,11.23508326212565,100,4,4,0.27019012,1.0769973,0.6703449,0.3872183,10.629565,10.670203,None,None,11.687784,11.80998,2900
1646654998,2910,0:08:17.436552,4,11.23508326212565,100,4,4,0.27019012,1.0769973,0.6703449,0.3872183,10.629565,10.670203,None,None,11.687784,11.80998,2910
1646654998,2920,0:08:19.474651,4,11.23508326212565,100,4,4,0.27019012,1.0769973,0.6703449,0.3872183,10.629565,10.670203,None,None,11.687784,11.80998,2920
1646654998,2930,0:08:21.516820,4,11.23508326212565,100,4,4,0.27019012,1.0769973,0.6703449,0.3872183,10.629565,10.670203,None,None,11.687784,11.80998,2930
1646654998,2940,0:08:24.313988,4,11.23508326212565,100,4,4,0.27019012,1.0769973,0.6703449,0.3872183,10.629565,10.670203,None,None,11.687784,11.80998,2940
1646654998,2950,0:08:26.730147,4,11.23508326212565,100,4,4,0.27019012,1.0769973,0.6703449,0.3872183,10.629565,10.670203,None,None,11.687784,11.80998,2950
1646654998,2960,0:08:28.827157,4,11.23508326212565,100,4,4,0.27019012,1.0769973,0.6703449,0.3872183,10.629565,10.670203,None,None,11.687784,11.80998,2960
1646654998,2970,0:08:30.841885,4,11.23508326212565,100,4,4,0.27019012,1.0769973,0.6703449,0.3872183,10.629565,10.670203,None,None,11.687784,11.80998,2970
1646654998,2980,0:08:32.821504,4,11.23508326212565,100,4,4,0.27019012,1.0769973,0.6703449,0.3872183,10.629565,10.670203,None,None,11.687784,11.80998,2980
1646654998,2990,0:08:34.796041,4,11.23508326212565,100,4,4,0.27019012,1.0769973,0.6703449,0.3872183,10.629565,10.670203,None,None,11.687784,11.80998,2990
1646654998,3000,0:08:36.951096,4,11.23508326212565,100,4,4,0.27019012,1.0769973,0.6703449,0.3872183,10.629565,10.670203,None,None,11.687784,11.80998,3000
1646654998,3010,0:08:38.886306,4,11.23508326212565,100,4,4,0.27019012,1.0769973,0.6703449,0.3872183,10.629565,10.670203,None,None,11.687784,11.80998,3010
1646654998,3020,0:08:40.842180,4,11.23508326212565,100,4,4,0.27019012,1.0769973,0.6703449,0.3872183,10.629565,10.670203,None,None,11.687784,11.80998,3020
1646654998,3030,0:08:42.825249,4,11.23508326212565,100,4,4,0.27019012,1.0769973,0.6703449,0.3872183,10.629565,10.670203,None,None,11.687784,11.80998,3030
1646654998,3040,0:08:44.777587,4,11.23508326212565,100,4,4,0.27019012,1.0769973,0.6703449,0.3872183,10.629565,10.670203,None,None,11.687784,11.80998,3040
1646654998,3050,0:08:46.872882,4,11.23508326212565,100,4,4,0.27019012,1.0769973,0.6703449,0.3872183,10.629565,10.670203,None,None,11.687784,11.80998,3050
1646654998,3060,0:08:48.850697,4,11.23508326212565,100,4,4,0.27019012,1.0769973,0.6703449,0.3872183,10.629565,10.670203,None,None,11.687784,11.80998,3060
1646654998,3070,0:08:50.825690,4,11.23508326212565,100,4,4,0.27019012,1.0769973,0.6703449,0.3872183,10.629565,10.670203,None,None,11.687784,11.80998,3070
1646654998,3080,0:08:52.893792,4,11.23508326212565,100,4,4,0.27019012,1.0769973,0.6703449,0.3872183,10.629565,10.670203,None,None,11.687784,11.80998,3080
1646654998,3090,0:08:55.041451,4,11.23508326212565,100,4,4,0.27019012,1.0769973,0.6703449,0.3872183,10.629565,10.670203,None,None,11.687784,11.80998,3090
1646654998,3100,0:08:57.335436,4,11.23508326212565,100,4,4,0.27019012,1.0769973,0.6703449,0.3872183,10.629565,10.670203,None,None,11.687784,11.80998,3100
1646654998,3110,0:08:59.373612,4,11.23508326212565,100,4,4,0.27019012,1.0769973,0.6703449,0.3872183,10.629565,10.670203,None,None,11.687784,11.80998,3110
1646654998,3120,0:09:01.278224,4,11.23508326212565,100,4,4,0.27019012,1.0769973,0.6703449,0.3872183,10.629565,10.670203,None,None,11.687784,11.80998,3120
1646654998,3130,0:09:03.141761,4,11.23508326212565,100,4,4,0.27019012,1.0769973,0.6703449,0.3872183,10.629565,10.670203,None,None,11.687784,11.80998,3130
1646654998,3140,0:09:05.011307,4,11.23508326212565,100,4,4,0.27019012,1.0769973,0.6703449,0.3872183,10.629565,10.670203,None,None,11.687784,11.80998,3140
1646654998,3150,0:09:06.847206,4,11.23508326212565,100,4,4,0.27019012,1.0769973,0.6703449,0.3872183,10.629565,10.670203,None,None,11.687784,11.80998,3150
1646654998,3160,0:09:08.685830,4,11.23508326212565,100,4,4,0.27019012,1.0769973,0.6703449,0.3872183,10.629565,10.670203,None,None,11.687784,11.80998,3160
1646654998,3170,0:09:10.549648,4,11.23508326212565,100,4,4,0.27019012,1.0769973,0.6703449,0.3872183,10.629565,10.670203,None,None,11.687784,11.80998,3170
1646654998,3180,0:09:12.384152,4,11.23508326212565,100,4,4,0.27019012,1.0769973,0.6703449,0.3872183,10.629565,10.670203,None,None,11.687784,11.80998,3180
1646654998,3190,0:09:14.305751,4,11.23508326212565,100,4,4,0.27019012,1.0769973,0.6703449,0.3872183,10.629565,10.670203,None,None,11.687784,11.80998,3190
1646654998,3200,0:09:16.310893,4,11.23508326212565,100,4,4,0.27019012,1.0769973,0.6703449,0.3872183,10.629565,10.670203,None,None,11.687784,11.80998,3200
1646654998,3210,0:09:18.298159,4,11.23508326212565,100,4,4,0.27019012,1.0769973,0.6703449,0.3872183,10.629565,10.670203,None,None,11.687784,11.80998,3210
1646654998,3220,0:09:20.352887,4,11.23508326212565,100,4,4,0.27019012,1.0769973,0.6703449,0.3872183,10.629565,10.670203,None,None,11.687784,11.80998,3220
1646654998,3230,0:09:22.141689,4,11.23508326212565,100,4,4,0.27019012,1.0769973,0.6703449,0.3872183,10.629565,10.670203,None,None,11.687784,11.80998,3230
1646654998,3240,0:09:23.980657,4,11.23508326212565,100,4,4,0.27019012,1.0769973,0.6703449,0.3872183,10.629565,10.670203,None,None,11.687784,11.80998,3240
1646654998,3250,0:09:25.752557,4,11.23508326212565,100,4,4,0.27019012,1.0769973,0.6703449,0.3872183,10.629565,10.670203,None,None,11.687784,11.80998,3250
1646654998,3260,0:09:27.553090,4,11.23508326212565,100,4,4,0.27019012,1.0769973,0.6703449,0.3872183,10.629565,10.670203,None,None,11.687784,11.80998,3260
1646654998,3270,0:09:29.338426,4,11.23508326212565,100,4,4,0.27019012,1.0769973,0.6703449,0.3872183,10.629565,10.670203,None,None,11.687784,11.80998,3270
1646654998,3280,0:09:31.200033,4,11.23508326212565,100,4,4,0.27019012,1.0769973,0.6703449,0.3872183,10.629565,10.670203,None,None,11.687784,11.80998,3280
1646654998,3290,0:09:33.036166,4,11.23508326212565,100,4,4,0.27019012,1.0769973,0.6703449,0.3872183,10.629565,10.670203,None,None,11.687784,11.80998,3290
1646654998,3300,0:09:34.884499,4,11.23508326212565,100,4,4,0.27019012,1.0769973,0.6703449,0.3872183,10.629565,10.670203,None,None,11.687784,11.80998,3300
1646654998,3310,0:09:36.669231,4,11.23508326212565,100,4,4,0.27019012,1.0769973,0.6703449,0.3872183,10.629565,10.670203,None,None,11.687784,11.80998,3310
1646654998,3320,0:09:38.473057,4,11.23508326212565,100,4,4,0.27019012,1.0769973,0.6703449,0.3872183,10.629565,10.670203,None,None,11.687784,11.80998,3320
1646654998,3330,0:09:40.435259,4,11.23508326212565,100,4,4,0.27019012,1.0769973,0.6703449,0.3872183,10.629565,10.670203,None,None,11.687784,11.80998,3330
1646654998,3340,0:09:42.227612,4,11.23508326212565,100,4,4,0.27019012,1.0769973,0.6703449,0.3872183,10.629565,10.670203,None,None,11.687784,11.80998,3340
1646654998,3350,0:09:44.012451,4,11.23508326212565,100,4,4,0.27019012,1.0769973,0.6703449,0.3872183,10.629565,10.670203,None,None,11.687784,11.80998,3350
1646654998,3360,0:09:45.861435,4,11.23508326212565,100,4,4,0.27019012,1.0769973,0.6703449,0.3872183,10.629565,10.670203,None,None,11.687784,11.80998,3360
1646654998,3370,0:09:47.649947,4,11.23508326212565,100,4,4,0.27019012,1.0769973,0.6703449,0.3872183,10.629565,10.670203,None,None,11.687784,11.80998,3370
1646654998,3380,0:09:49.442806,4,11.23508326212565,100,4,4,0.27019012,1.0769973,0.6703449,0.3872183,10.629565,10.670203,None,None,11.687784,11.80998,3380
1646654998,3390,0:09:51.158576,4,11.23508326212565,100,4,4,0.27019012,1.0769973,0.6703449,0.3872183,10.629565,10.670203,None,None,11.687784,11.80998,3390
1646654998,3400,0:09:52.834018,4,11.23508326212565,100,4,4,0.27019012,1.0769973,0.6703449,0.3872183,10.629565,10.670203,None,None,11.687784,11.80998,3400
1646654998,3410,0:09:54.470688,4,11.23508326212565,100,4,4,0.27019012,1.0769973,0.6703449,0.3872183,10.629565,10.670203,None,None,11.687784,11.80998,3410
1646654998,3420,0:09:56.155207,4,11.23508326212565,100,4,4,0.27019012,1.0769973,0.6703449,0.3872183,10.629565,10.670203,None,None,11.687784,11.80998,3420
1646654998,3430,0:09:57.811935,4,11.23508326212565,100,4,4,0.27019012,1.0769973,0.6703449,0.3872183,10.629565,10.670203,None,None,11.687784,11.80998,3430
1646654998,3440,0:09:59.418453,4,11.23508326212565,100,4,4,0.27019012,1.0769973,0.6703449,0.3872183,10.629565,10.670203,None,None,11.687784,11.80998,3440
1646654998,3450,0:10:01.044881,4,11.23508326212565,100,4,4,0.27019012,1.0769973,0.6703449,0.3872183,10.629565,10.670203,None,None,11.687784,11.80998,3450
1646654998,3460,0:10:02.655134,4,11.23508326212565,100,4,4,0.27019012,1.0769973,0.6703449,0.3872183,10.629565,10.670203,None,None,11.687784,11.80998,3460
1646654998,3470,0:10:04.205164,4,11.23508326212565,100,4,4,0.27019012,1.0769973,0.6703449,0.3872183,10.629565,10.670203,None,None,11.687784,11.80998,3470
1646654998,3480,0:10:05.708341,4,11.23508326212565,100,4,4,0.27019012,1.0769973,0.6703449,0.3872183,10.629565,10.670203,None,None,11.687784,11.80998,3480
1646654998,3490,0:10:07.576925,5,11.5455828666687,100,5,5,0.27019012,1.0769973,0.6812912,0.34702983,11.081186,11.122129,None,None,12.161055,12.193372,3490
1646654998,3500,0:10:09.428650,5,11.5455828666687,100,5,5,0.27019012,1.0769973,0.6812912,0.34702983,11.081186,11.122129,None,None,12.161055,12.193372,3500
1646654998,3510,0:10:11.242405,5,11.5455828666687,100,5,5,0.27019012,1.0769973,0.6812912,0.34702983,11.081186,11.122129,None,None,12.161055,12.193372,3510
1646654998,3520,0:10:13.032542,5,11.5455828666687,100,5,5,0.27019012,1.0769973,0.6812912,0.34702983,11.081186,11.122129,None,None,12.161055,12.193372,3520
1646654998,3530,0:10:14.878542,5,11.5455828666687,100,5,5,0.27019012,1.0769973,0.6812912,0.34702983,11.081186,11.122129,None,None,12.161055,12.193372,3530
1646654998,3540,0:10:16.794908,5,11.5455828666687,100,5,5,0.27019012,1.0769973,0.6812912,0.34702983,11.081186,11.122129,None,None,12.161055,12.193372,3540
1646654998,3550,0:10:18.692192,5,11.5455828666687,100,5,5,0.27019012,1.0769973,0.6812912,0.34702983,11.081186,11.122129,None,None,12.161055,12.193372,3550
1646654998,3560,0:10:20.659989,5,11.5455828666687,100,5,5,0.27019012,1.0769973,0.6812912,0.34702983,11.081186,11.122129,None,None,12.161055,12.193372,3560
1646654998,3570,0:10:22.512891,5,11.5455828666687,100,5,5,0.27019012,1.0769973,0.6812912,0.34702983,11.081186,11.122129,None,None,12.161055,12.193372,3570
1646654998,3580,0:10:24.439497,5,11.5455828666687,100,5,5,0.27019012,1.0769973,0.6812912,0.34702983,11.081186,11.122129,None,None,12.161055,12.193372,3580
1646654998,3590,0:10:26.305167,5,11.5455828666687,100,5,5,0.27019012,1.0769973,0.6812912,0.34702983,11.081186,11.122129,None,None,12.161055,12.193372,3590
1646654998,3600,0:10:28.133339,5,11.5455828666687,100,5,5,0.27019012,1.0769973,0.6812912,0.34702983,11.081186,11.122129,None,None,12.161055,12.193372,3600
1646654998,3610,0:10:29.973328,5,11.5455828666687,100,5,5,0.27019012,1.0769973,0.6812912,0.34702983,11.081186,11.122129,None,None,12.161055,12.193372,3610
1646654998,3620,0:10:31.702524,5,11.5455828666687,100,5,5,0.27019012,1.0769973,0.6812912,0.34702983,11.081186,11.122129,None,None,12.161055,12.193372,3620
1646654998,3630,0:10:33.589132,5,11.5455828666687,100,5,5,0.27019012,1.0769973,0.6812912,0.34702983,11.081186,11.122129,None,None,12.161055,12.193372,3630
1646654998,3640,0:10:35.477209,5,11.5455828666687,100,5,5,0.27019012,1.0769973,0.6812912,0.34702983,11.081186,11.122129,None,None,12.161055,12.193372,3640
1646654998,3650,0:10:37.374095,5,11.5455828666687,100,5,5,0.27019012,1.0769973,0.6812912,0.34702983,11.081186,11.122129,None,None,12.161055,12.193372,3650
1646654998,3660,0:10:39.140867,5,11.5455828666687,100,5,5,0.27019012,1.0769973,0.6812912,0.34702983,11.081186,11.122129,None,None,12.161055,12.193372,3660
1646654998,3670,0:10:40.907947,5,11.5455828666687,100,5,5,0.27019012,1.0769973,0.6812912,0.34702983,11.081186,11.122129,None,None,12.161055,12.193372,3670
1646654998,3680,0:10:42.661321,5,11.5455828666687,100,5,5,0.27019012,1.0769973,0.6812912,0.34702983,11.081186,11.122129,None,None,12.161055,12.193372,3680
1646654998,3690,0:10:44.380492,5,11.5455828666687,100,5,5,0.27019012,1.0769973,0.6812912,0.34702983,11.081186,11.122129,None,None,12.161055,12.193372,3690
1646654998,3700,0:10:46.126243,5,11.5455828666687,100,5,5,0.27019012,1.0769973,0.6812912,0.34702983,11.081186,11.122129,None,None,12.161055,12.193372,3700
1646654998,3710,0:10:47.891686,5,11.5455828666687,100,5,5,0.27019012,1.0769973,0.6812912,0.34702983,11.081186,11.122129,None,None,12.161055,12.193372,3710
1646654998,3720,0:10:49.690658,5,11.5455828666687,100,5,5,0.27019012,1.0769973,0.6812912,0.34702983,11.081186,11.122129,None,None,12.161055,12.193372,3720
1646654998,3730,0:10:51.617841,5,11.5455828666687,100,5,5,0.27019012,1.0769973,0.6812912,0.34702983,11.081186,11.122129,None,None,12.161055,12.193372,3730
1646654998,3740,0:10:53.356188,5,11.5455828666687,100,5,5,0.27019012,1.0769973,0.6812912,0.34702983,11.081186,11.122129,None,None,12.161055,12.193372,3740
1646654998,3750,0:10:55.093982,5,11.5455828666687,100,5,5,0.27019012,1.0769973,0.6812912,0.34702983,11.081186,11.122129,None,None,12.161055,12.193372,3750
1646654998,3760,0:10:56.846738,5,11.5455828666687,100,5,5,0.27019012,1.0769973,0.6812912,0.34702983,11.081186,11.122129,None,None,12.161055,12.193372,3760
1646654998,3770,0:10:58.627074,5,11.5455828666687,100,5,5,0.27019012,1.0769973,0.6812912,0.34702983,11.081186,11.122129,None,None,12.161055,12.193372,3770
1646654998,3780,0:11:00.466610,5,11.5455828666687,100,5,5,0.27019012,1.0769973,0.6812912,0.34702983,11.081186,11.122129,None,None,12.161055,12.193372,3780
1646654998,3790,0:11:02.254130,5,11.5455828666687,100,5,5,0.27019012,1.0769973,0.6812912,0.34702983,11.081186,11.122129,None,None,12.161055,12.193372,3790
1646654998,3800,0:11:03.999386,5,11.5455828666687,100,5,5,0.27019012,1.0769973,0.6812912,0.34702983,11.081186,11.122129,None,None,12.161055,12.193372,3800
1646654998,3810,0:11:05.656250,5,11.5455828666687,100,5,5,0.27019012,1.0769973,0.6812912,0.34702983,11.081186,11.122129,None,None,12.161055,12.193372,3810
1646654998,3820,0:11:07.392503,5,11.5455828666687,100,5,5,0.27019012,1.0769973,0.6812912,0.34702983,11.081186,11.122129,None,None,12.161055,12.193372,3820
1646654998,3830,0:11:09.244693,5,11.5455828666687,100,5,5,0.27019012,1.0769973,0.6812912,0.34702983,11.081186,11.122129,None,None,12.161055,12.193372,3830
1646654998,3840,0:11:11.094190,5,11.5455828666687,100,5,5,0.27019012,1.0769973,0.6812912,0.34702983,11.081186,11.122129,None,None,12.161055,12.193372,3840
1646654998,3850,0:11:12.956227,5,11.5455828666687,100,5,5,0.27019012,1.0769973,0.6812912,0.34702983,11.081186,11.122129,None,None,12.161055,12.193372,3850
1646654998,3860,0:11:14.705616,5,11.5455828666687,100,5,5,0.27019012,1.0769973,0.6812912,0.34702983,11.081186,11.122129,None,None,12.161055,12.193372,3860
1646654998,3870,0:11:16.438923,5,11.5455828666687,100,5,5,0.27019012,1.0769973,0.6812912,0.34702983,11.081186,11.122129,None,None,12.161055,12.193372,3870
1646654998,3880,0:11:18.213069,5,11.5455828666687,100,5,5,0.27019012,1.0769973,0.6812912,0.34702983,11.081186,11.122129,None,None,12.161055,12.193372,3880
1646654998,3890,0:11:20.033503,5,11.5455828666687,100,5,5,0.27019012,1.0769973,0.6812912,0.34702983,11.081186,11.122129,None,None,12.161055,12.193372,3890
1646654998,3900,0:11:21.801573,5,11.5455828666687,100,5,5,0.27019012,1.0769973,0.6812912,0.34702983,11.081186,11.122129,None,None,12.161055,12.193372,3900
1646654998,3910,0:11:23.755828,5,11.5455828666687,100,5,5,0.27019012,1.0769973,0.6812912,0.34702983,11.081186,11.122129,None,None,12.161055,12.193372,3910
1646654998,3920,0:11:25.565894,5,11.5455828666687,100,5,5,0.27019012,1.0769973,0.6812912,0.34702983,11.081186,11.122129,None,None,12.161055,12.193372,3920
1646654998,3930,0:11:27.416418,5,11.5455828666687,100,5,5,0.27019012,1.0769973,0.6812912,0.34702983,11.081186,11.122129,None,None,12.161055,12.193372,3930
1646654998,3940,0:11:29.300731,5,11.5455828666687,100,5,5,0.27019012,1.0769973,0.6812912,0.34702983,11.081186,11.122129,None,None,12.161055,12.193372,3940
1646654998,3950,0:11:31.225051,5,11.5455828666687,100,5,5,0.27019012,1.0769973,0.6812912,0.34702983,11.081186,11.122129,None,None,12.161055,12.193372,3950
1646654998,3960,0:11:33.158559,5,11.5455828666687,100,5,5,0.27019012,1.0769973,0.6812912,0.34702983,11.081186,11.122129,None,None,12.161055,12.193372,3960
1646654998,3970,0:11:35.134070,5,11.5455828666687,100,5,5,0.27019012,1.0769973,0.6812912,0.34702983,11.081186,11.122129,None,None,12.161055,12.193372,3970
1646654998,3980,0:11:37.127159,5,11.5455828666687,100,5,5,0.27019012,1.0769973,0.6812912,0.34702983,11.081186,11.122129,None,None,12.161055,12.193372,3980
1646654998,3990,0:11:39.139644,5,11.5455828666687,100,5,5,0.27019012,1.0769973,0.6812912,0.34702983,11.081186,11.122129,None,None,12.161055,12.193372,3990
1646654998,4000,0:11:40.945145,5,11.5455828666687,100,5,5,0.27019012,1.0769973,0.6812912,0.34702983,11.081186,11.122129,None,None,12.161055,12.193372,4000
